Income,Debt,Age,PaymentHistory,CreditLimit,CreditUsed,EmploymentType,EducationLevel,Creditworthiness
57450,26996,47,0.8229013160127978,29684,7878,FullTime,PhD,0
47926,24623,48,0.8965521143573014,32747,15416,FullTime,HighSchool,0
59715,20298,55,0.7780709793955688,40689,11304,FullTime,HighSchool,0
72845,16765,28,0.7478476787624074,30911,18025,PartTime,Masters,0
46487,23491,52,0.7481387842813679,24380,9787,FullTime,Bachelors,0
46487,21967,25,0.7211475836929434,40146,10294,SelfEmployed,Bachelors,0
73688,24475,20,0.7556940114703729,21822,9167,FullTime,Bachelors,0
61511,23175,31,0.8992658154966905,13673,6399,PartTime,HighSchool,0
42957,25247,30,0.9645071835530524,42059,16072,FullTime,Bachelors,0
58138,17323,62,0.9442377056773485,41418,22928,FullTime,Bachelors,1
43048,26586,49,0.9055402929623452,22077,10088,FullTime,Bachelors,0
43014,20987,51,0.7331295590233308,26009,8597,FullTime,Bachelors,0
53629,30376,62,0.7867562338887849,20830,8273,FullTime,Masters,0
21300,16554,36,0.7929420625967407,33266,8601,PartTime,HighSchool,0
24126,28679,55,0.7749870839192863,47320,20248,FullTime,Masters,0
41565,20989,33,0.854501697912917,37028,8407,PartTime,HighSchool,0
34807,16742,19,0.8606661444639018,40357,9073,SelfEmployed,Bachelors,0
54713,17580,57,0.807065792551333,38197,5798,FullTime,Masters,0
36379,18398,34,0.8061367476209308,29998,13468,PartTime,Bachelors,0
28815,22120,51,0.9485666793718244,40833,11663,PartTime,Bachelors,0
71984,22614,59,0.9367878544959056,37450,6314,FullTime,Bachelors,1
46613,17131,33,0.7923387495042237,44394,7535,SelfEmployed,Bachelors,0
51012,19878,55,0.9741365331619778,25404,19664,FullTime,HighSchool,1
28628,30711,19,0.9858445051007518,12618,12163,FullTime,PhD,0
41834,28637,19,0.7980227626090122,40452,12508,PartTime,Bachelors,0
51663,22181,43,0.8063274846379165,33497,12528,FullTime,Bachelors,0
32735,20190,30,0.8516902460265876,27039,18973,FullTime,Bachelors,0
55635,20600,64,0.9823362437601021,27598,6773,FullTime,HighSchool,1
40990,23067,48,0.9628958299426934,55546,10018,SelfEmployed,HighSchool,0
45624,14886,51,0.7307703887750769,23578,11155,SelfEmployed,Bachelors,0
40974,18713,56,0.8178192229814248,21466,3394,FullTime,Bachelors,0
77784,11657,20,0.8660113569249316,30852,7419,PartTime,Bachelors,0
49797,21996,25,0.8509397417654619,41804,17233,SelfEmployed,Masters,0
34134,23235,40,0.7581589203810678,52784,15801,FullTime,HighSchool,0
62338,17584,31,0.9576450313504464,36573,16685,FullTime,Bachelors,1
31687,27869,44,0.9030822348990512,17295,9054,PartTime,HighSchool,0
53132,13871,46,0.9513725124555411,49708,9671,SelfEmployed,Bachelors,1
20604,12678,56,0.9576292838048417,29805,3059,SelfEmployed,HighSchool,0
30077,21122,56,0.9245067560997219,21622,16659,FullTime,PhD,0
52952,25235,18,0.8317631803749151,19206,17483,FullTime,HighSchool,0
61076,28419,34,0.8831640265046273,38363,17419,FullTime,Masters,0
52570,17705,58,0.7481096218359229,32388,20020,FullTime,Bachelors,0
48265,25393,47,0.9020936252424723,33450,14110,FullTime,PhD,1
45483,19807,30,0.7537759767217842,42865,19784,PartTime,Bachelors,0
27822,19136,38,0.9081848771530471,21978,10997,FullTime,Masters,0
39202,24418,36,0.7688794482261906,43661,3164,SelfEmployed,HighSchool,0
43090,23261,36,0.735265390045066,24808,16303,FullTime,Bachelors,0
65856,12118,42,0.7495853470428872,51640,2980,FullTime,Masters,0
55154,27382,39,0.700597640565721,35987,12851,FullTime,HighSchool,0
23554,26900,48,0.915621885356059,20797,16776,FullTime,HighSchool,0
54861,16872,34,0.9197203147175137,9745,13621,FullTime,Bachelors,0
44223,21979,40,0.8544800049739778,38089,23391,Unemployed,Masters,0
39846,22470,49,0.748408840316615,26258,2170,SelfEmployed,Bachelors,0
59175,21303,27,0.7250663012532069,28444,11585,FullTime,Bachelors,0
65464,17248,27,0.705738689931186,37661,12087,FullTime,HighSchool,0
63969,16641,53,0.7497244530895661,40104,5279,SelfEmployed,HighSchool,0
37411,19872,25,0.967256660494944,42237,6231,FullTime,Masters,0
45361,25863,69,0.7724610525105045,18251,7774,FullTime,HighSchool,0
54968,22718,37,0.8062813981651646,44258,6501,FullTime,Bachelors,0
64633,18146,49,0.7316036453443999,24209,11460,SelfEmployed,Masters,0
42812,23858,67,0.766708391424451,7437,8985,FullTime,HighSchool,0
47215,5757,31,0.8557673712340615,18215,13589,FullTime,Bachelors,0
33404,25743,67,0.8823258049286957,32180,15247,SelfEmployed,HighSchool,0
32056,11301,45,0.7736056942498633,20211,14908,FullTime,Bachelors,0
62187,18187,63,0.7173196477675351,29119,9949,FullTime,HighSchool,0
70343,14401,69,0.8173098607382195,33382,13422,FullTime,Bachelors,0
48919,13526,41,0.7702610112779003,28186,17175,SelfEmployed,Bachelors,0
65052,25804,32,0.7658661769689405,25056,14227,FullTime,Bachelors,0
55424,17661,39,0.9879588408140366,17493,21294,Unemployed,Bachelors,0
40323,21732,47,0.8848901457777172,30219,16910,PartTime,HighSchool,0
55420,19765,21,0.8670635329516287,9350,20592,FullTime,Bachelors,0
73070,22385,30,0.8247325310569965,23140,-461,Unemployed,Bachelors,0
49462,20384,40,0.8286833000290432,20722,12483,FullTime,Bachelors,0
73469,13585,25,0.8622715011514243,27606,10380,FullTime,HighSchool,0
10703,24981,35,0.9089289421108322,27866,11375,FullTime,Bachelors,0
62328,17531,29,0.9106438288545489,39599,7975,FullTime,HighSchool,1
51305,12217,48,0.7515081723116348,45834,13980,FullTime,Bachelors,0
45514,17859,31,0.8500338256229881,18822,2958,FullTime,HighSchool,0
51376,27503,51,0.8235874285102306,49928,14017,FullTime,Bachelors,0
20186,24251,35,0.9611580898808153,22207,8141,SelfEmployed,HighSchool,0
46704,18256,51,0.889425676365513,31725,9498,FullTime,Masters,0
55356,18253,28,0.8597512199247945,35108,14192,Unemployed,Masters,0
72168,18391,58,0.7346183926536751,54445,12393,FullTime,HighSchool,0
42225,30383,29,0.8816913667970234,24577,17269,FullTime,Bachelors,0
37872,21909,66,0.73516117170407,12032,7152,FullTime,HighSchool,0
42473,22150,32,0.8011619726697256,44903,11596,FullTime,Bachelors,0
63731,25151,48,0.7428525894442995,21666,16443,FullTime,Bachelors,0
54931,21193,66,0.9076220941073107,26384,13805,PartTime,Bachelors,1
42053,18704,46,0.7618756341508457,18822,14127,SelfEmployed,Bachelors,0
57699,19018,43,0.8175578119564078,26412,17540,Unemployed,HighSchool,0
51456,19641,35,0.9687024332856335,21596,9968,FullTime,Bachelors,1
64529,19813,49,0.761294915019691,36764,8915,SelfEmployed,HighSchool,0
39469,23638,39,0.8523415191876337,30807,14879,FullTime,Bachelors,0
45085,20259,55,0.8257814983498065,23189,11252,FullTime,Bachelors,0
44118,23663,34,0.7054372123137189,39958,17611,SelfEmployed,Bachelors,0
28047,19596,40,0.9378274340718439,32549,13848,PartTime,HighSchool,0
54441,20393,41,0.7207137718943799,11539,8883,FullTime,Bachelors,0
53915,10008,67,0.842276506293086,39197,13691,FullTime,Bachelors,0
50076,24581,25,0.8682034884816849,31848,7486,FullTime,HighSchool,0
46481,21732,58,0.8885279369843762,43907,16734,PartTime,Bachelors,0
28769,24990,23,0.9065894887923627,31239,5014,FullTime,Masters,0
43690,5518,22,0.7759817150568145,22082,18110,Unemployed,Masters,0
44859,30441,61,0.7029936329975348,27957,13604,FullTime,Bachelors,0
37965,19302,46,0.9170330987064735,38039,11177,FullTime,Bachelors,0
47580,25540,45,0.8606969798042735,22292,15816,FullTime,HighSchool,0
56060,14800,28,0.9508353109621747,25597,14556,FullTime,Masters,1
78292,23063,18,0.9464165088702082,27783,18651,FullTime,HighSchool,1
52618,14732,60,0.952997850336365,18506,18605,PartTime,Masters,0
53863,16881,36,0.845528397993862,22436,13761,SelfEmployed,Bachelors,0
48883,29570,26,0.8000885187510597,31725,7641,SelfEmployed,Bachelors,0
21218,19046,44,0.9374674607774109,42024,9292,SelfEmployed,Masters,0
49602,21087,51,0.8353882339087765,33171,11641,SelfEmployed,HighSchool,0
50903,24350,61,0.7550326589210303,29541,17408,FullTime,Bachelors,0
86948,22478,21,0.9564922058684423,21687,9718,SelfEmployed,Bachelors,1
47114,20752,53,0.9647679630317042,40951,10135,FullTime,HighSchool,1
54523,21824,35,0.839892926842051,34335,21241,FullTime,Bachelors,0
49479,32017,32,0.7227099181929362,22932,11478,FullTime,Bachelors,0
32469,19711,68,0.8163478269750793,38986,8826,FullTime,Bachelors,0
67142,21005,30,0.941061297838781,35595,15883,FullTime,HighSchool,1
61278,25253,36,0.9705322085638686,21864,11719,Unemployed,Masters,1
61865,25527,66,0.7610418227492787,28986,5052,FullTime,HighSchool,0
36359,25935,23,0.7200920836075814,25072,17204,FullTime,HighSchool,0
71041,23193,65,0.9632051359398516,56335,8264,FullTime,HighSchool,1
28972,14284,29,0.8168214816936625,35317,12217,FullTime,HighSchool,0
58802,28167,68,0.8625282892802689,31867,11659,FullTime,HighSchool,0
82856,14268,54,0.9904197436152277,34726,13150,FullTime,PhD,1
35141,21513,34,0.7199694183742669,43791,1044,FullTime,Bachelors,0
41505,16228,40,0.8944954022356286,29166,10324,FullTime,HighSchool,0
51494,19679,43,0.7222316267724601,24100,17624,PartTime,HighSchool,0
42447,21643,46,0.81264067853995,38442,18327,PartTime,Bachelors,0
26740,21606,50,0.941144363558034,28250,7043,FullTime,Masters,0
51028,22109,44,0.8300416698266903,19301,16602,FullTime,HighSchool,0
34065,28068,42,0.9991547061708851,17353,8192,FullTime,HighSchool,0
57103,22267,27,0.8677177854839806,45292,10127,PartTime,HighSchool,0
36208,18779,64,0.796348645790786,31316,10390,FullTime,HighSchool,0
73249,24820,40,0.7660333977714259,24104,12544,FullTime,HighSchool,0
38251,25947,38,0.8051561602858485,27656,17006,PartTime,Bachelors,0
45169,13861,38,0.8117599821278653,38074,13322,FullTime,HighSchool,0
62202,22987,60,0.7206141033171882,27065,11369,FullTime,Bachelors,0
31537,23505,30,0.8108722598280319,15505,16836,FullTime,HighSchool,0
53411,18512,54,0.8392715559217675,33258,7986,SelfEmployed,Masters,0
69607,26878,50,0.9168213256716414,42083,11613,SelfEmployed,Masters,1
25887,19249,41,0.8970188454164824,41414,16978,PartTime,Bachelors,0
52769,20627,61,0.9126296965687463,24406,14646,FullTime,Bachelors,1
53898,19134,28,0.702509104563057,42691,9668,FullTime,Bachelors,0
61727,20077,34,0.7653002198741607,32129,4435,Unemployed,Bachelors,0
31445,14518,21,0.898505286519957,42411,13554,Unemployed,Bachelors,0
30193,12799,64,0.8451968104539241,35736,4106,FullTime,Bachelors,0
57829,27972,42,0.7015940427005037,14784,10937,SelfEmployed,Masters,0
54454,15765,47,0.9413483927295467,47467,17894,FullTime,Masters,1
53757,15043,26,0.9318428719871013,30517,14983,FullTime,Bachelors,1
55196,9233,38,0.8645257488980688,35767,1881,PartTime,Bachelors,0
39799,16805,37,0.7199389977328816,16559,13002,FullTime,HighSchool,0
53483,13384,36,0.9299545148597754,35053,10404,SelfEmployed,HighSchool,1
54396,28210,36,0.8751140763194092,41029,5631,FullTime,Bachelors,0
39284,25049,29,0.9345879931473877,49353,13675,FullTime,HighSchool,0
77986,16559,54,0.9255240977187521,44003,9541,SelfEmployed,Masters,1
57107,31262,59,0.9409006215873511,35542,9572,SelfEmployed,HighSchool,0
32130,24908,34,0.8554024199213874,14556,12620,FullTime,Bachelors,0
59848,18375,54,0.7420973554580544,31322,8870,FullTime,Bachelors,0
35379,7502,65,0.9013472420139066,24074,12478,PartTime,Bachelors,0
61806,31454,56,0.8861421355155912,32349,9033,FullTime,Bachelors,0
67378,13052,45,0.9226759561597261,17836,9307,Unemployed,Masters,1
37689,11773,58,0.7509643018152206,27898,16964,SelfEmployed,Bachelors,0
64450,25112,52,0.7584925599700867,24828,17473,FullTime,Bachelors,0
56191,32198,64,0.9671228551657985,24518,3456,FullTime,HighSchool,0
62330,26921,65,0.9249933395356212,24617,15735,FullTime,Bachelors,1
78451,22819,35,0.9724685466100969,28641,18992,SelfEmployed,Masters,1
46319,22973,31,0.9276145963491762,32861,19786,FullTime,Bachelors,1
38693,24267,52,0.8791465917970905,5015,14601,FullTime,Masters,0
36657,23794,61,0.8962398211083621,6235,6713,FullTime,Bachelors,0
37762,21405,58,0.966738377182003,26613,15149,FullTime,HighSchool,0
48843,20521,24,0.8736420263535821,28022,7653,FullTime,HighSchool,0
55117,19687,58,0.8897173972985162,31891,10285,FullTime,Bachelors,0
54150,16230,30,0.7469430148010802,22723,13915,SelfEmployed,Bachelors,0
62407,18596,35,0.8421763660348308,30094,7976,SelfEmployed,Bachelors,0
50195,11535,54,0.9149191335874297,31265,6267,PartTime,HighSchool,1
71803,19508,30,0.7812828094949096,22654,14328,FullTime,Bachelors,0
46030,15057,53,0.7606762541573604,40134,21336,FullTime,Bachelors,0
90802,14482,48,0.7941480424673246,31769,18216,PartTime,Bachelors,0
59385,20899,19,0.77245018839785,35469,15535,FullTime,HighSchool,0
37142,26960,33,0.7644737911109187,30688,16895,SelfEmployed,HighSchool,0
33936,24591,26,0.8274552528604261,51036,15188,PartTime,HighSchool,0
57237,12147,26,0.9723515541650603,35963,14249,FullTime,HighSchool,1
46648,15051,55,0.8521178940216154,25120,16493,SelfEmployed,HighSchool,0
60710,24703,28,0.7563761142445968,38209,5158,Unemployed,HighSchool,0
57098,15087,39,0.7230915008142622,13623,12997,FullTime,Bachelors,0
48907,18876,50,0.9088468435413776,31196,11595,FullTime,Bachelors,1
37298,22750,53,0.8148396293309164,33191,12394,FullTime,PhD,0
27277,15158,62,0.9465492839756078,31310,9693,FullTime,HighSchool,0
43302,20526,40,0.897853230592231,26662,14602,FullTime,Bachelors,0
62845,13329,62,0.9388724351624106,19877,7910,FullTime,Bachelors,1
53211,16993,62,0.7815838118255346,22106,9330,Unemployed,HighSchool,0
31313,21598,51,0.9077076767383174,31020,8730,FullTime,Masters,0
52597,12035,26,0.7792185954081156,18864,16319,FullTime,HighSchool,0
55779,22202,41,0.9817205438350874,47701,11941,PartTime,Masters,1
36742,19901,25,0.8909122844600122,3591,9695,FullTime,Masters,0
52305,22762,24,0.7973535400526026,26765,10132,SelfEmployed,Bachelors,0
50873,21119,53,0.7808535586876818,31103,12019,FullTime,Bachelors,0
32855,26820,35,0.757277975521493,35074,20110,FullTime,Bachelors,0
55366,20626,20,0.9083922876681183,20840,5817,FullTime,Bachelors,1
58411,17852,45,0.7656146838993781,41342,15377,PartTime,Bachelors,0
66245,20611,23,0.8785909797782467,16061,14359,FullTime,HighSchool,0
65807,22716,61,0.7793905080776071,24338,7585,PartTime,HighSchool,0
29334,20244,61,0.8985906834381605,36207,19334,FullTime,Bachelors,0
35932,20202,38,0.9444819185621618,40401,14696,FullTime,Bachelors,0
57725,16490,45,0.9334075729433959,15959,9461,FullTime,Masters,1
57706,16685,57,0.9282553992792345,56450,2702,SelfEmployed,HighSchool,1
57725,12986,18,0.7563167217076756,21025,13145,SelfEmployed,Masters,0
107790,28747,53,0.7265154840953556,16878,11776,FullTime,HighSchool,0
58563,13780,38,0.9096846485462157,35027,6846,FullTime,Bachelors,1
67033,16535,60,0.8105041641383054,26517,6781,FullTime,Bachelors,0
64310,16407,52,0.8297038679210041,25039,16342,FullTime,Bachelors,0
59770,24474,30,0.7093447278380173,35956,2221,FullTime,HighSchool,0
45270,18525,66,0.7778729347825147,14727,13571,SelfEmployed,Bachelors,0
61384,26238,27,0.7101029211623392,12978,11062,SelfEmployed,Masters,0
38407,16632,61,0.9637557317803743,24025,14485,FullTime,Bachelors,0
46447,21394,64,0.7730190049655591,40779,10528,FullTime,Bachelors,0
42719,15823,27,0.8672011508719024,24459,13466,SelfEmployed,Masters,0
51228,30725,63,0.7116937961983391,45991,8286,SelfEmployed,Bachelors,0
84719,14062,30,0.9000542173916974,42010,11753,FullTime,Bachelors,1
21991,21549,54,0.7969082037262282,32829,14445,FullTime,HighSchool,0
60293,23168,55,0.9693757560872998,33397,12754,FullTime,Masters,1
25809,22068,41,0.9664354566802107,32820,13901,FullTime,Bachelors,0
42921,19073,19,0.7975871855085243,31597,7360,FullTime,HighSchool,0
66334,19350,39,0.9702882687071404,26337,9046,FullTime,HighSchool,1
50964,20219,34,0.9988473020496337,27498,9133,PartTime,Masters,1
33833,19264,53,0.9476246992371844,19300,10617,FullTime,HighSchool,0
39270,24819,31,0.9534614043265687,7899,18792,FullTime,PhD,0
60193,31052,27,0.7747026208327269,41040,10229,FullTime,HighSchool,0
39044,17212,52,0.8730107196573269,31572,6282,SelfEmployed,Bachelors,0
53246,13150,42,0.7201767741902103,30062,14708,SelfEmployed,Bachelors,0
50683,19558,20,0.7284753810465009,33984,18733,FullTime,Bachelors,0
40225,32898,64,0.9996677836099872,21716,5693,FullTime,Masters,0
82159,15981,55,0.7979917748277733,19989,21864,Unemployed,Bachelors,0
59508,28195,34,0.9244551736146539,27163,14075,FullTime,Bachelors,1
19622,28388,29,0.941999515908045,43680,17169,FullTime,HighSchool,0
52796,17232,69,0.9574069813021687,18312,19335,FullTime,HighSchool,0
40073,22844,41,0.999288489220647,3729,16863,FullTime,HighSchool,0
62786,28141,46,0.7724489455770603,24785,11447,FullTime,Bachelors,0
38112,18104,60,0.7121052480579099,41426,18088,SelfEmployed,HighSchool,0
48278,18982,42,0.8233574553983758,12674,13272,PartTime,HighSchool,0
57574,17091,53,0.739024200948684,18197,17452,FullTime,Bachelors,0
62986,14926,43,0.7067277667486165,32635,17999,SelfEmployed,Bachelors,0
31995,16753,55,0.8081280481424458,55699,6545,FullTime,Bachelors,0
44982,13880,18,0.935121475322571,16417,15971,FullTime,HighSchool,0
42875,20170,37,0.8698542073675213,16030,11090,FullTime,HighSchool,0
40200,16150,45,0.7938333967631062,33386,12690,PartTime,Masters,0
76481,21168,33,0.8963026016478159,42046,12635,FullTime,HighSchool,0
56074,12220,64,0.7696054540926431,23759,12434,FullTime,Masters,0
31086,21654,34,0.7043144338216255,13786,19617,PartTime,Masters,0
63767,24167,57,0.9293060159309282,34337,5167,PartTime,Bachelors,1
81832,10031,45,0.8871229254592027,36148,3388,PartTime,HighSchool,0
65486,21870,29,0.928690787350288,47786,2333,FullTime,Masters,1
27209,26138,44,0.7116814050062996,36569,17345,FullTime,Bachelors,0
42736,13951,59,0.9511358883491956,38280,8132,FullTime,Bachelors,0
69003,28362,64,0.885857860010891,27378,12660,FullTime,Bachelors,0
39384,22095,47,0.869018605213792,54415,11426,SelfEmployed,HighSchool,0
56657,16474,58,0.8873842144343594,26018,7568,FullTime,HighSchool,0
61619,19721,51,0.9593299740605092,23880,16257,FullTime,Bachelors,1
36096,22791,54,0.8760809519676721,48095,11362,PartTime,Bachelors,0
49107,20380,23,0.8742851139664538,15257,10811,FullTime,Bachelors,0
1380,22693,24,0.9972037471197297,11525,13164,FullTime,Bachelors,0
34634,15396,49,0.9270190501205704,31195,15603,SelfEmployed,Bachelors,0
46211,20846,49,0.8326881416353406,29982,7205,SelfEmployed,Bachelors,0
31283,12931,42,0.9122191000098783,27721,16364,PartTime,Masters,0
74486,19443,50,0.8167691415075365,39939,19249,FullTime,HighSchool,0
28547,15480,24,0.7686626387450497,20917,4869,FullTime,Bachelors,0
43399,16322,69,0.8790555630663278,30641,13391,PartTime,HighSchool,0
51961,26180,29,0.9784546294341855,26398,10475,FullTime,Bachelors,1
71619,25456,33,0.9787418560046388,21087,15496,FullTime,Bachelors,1
28462,23045,33,0.802571583431647,29381,5916,SelfEmployed,Masters,0
67447,14538,60,0.8583032398665085,38525,20144,FullTime,HighSchool,0
50153,18417,53,0.7634907695709583,51205,3960,PartTime,PhD,0
35277,26065,30,0.998689332849665,35794,10778,FullTime,HighSchool,0
56931,20708,24,0.9943353723603807,4891,14171,FullTime,Bachelors,0
52985,31596,53,0.8948526789122342,29618,8568,FullTime,HighSchool,0
40996,21966,64,0.941324217903242,30498,7782,SelfEmployed,Masters,0
51047,20960,68,0.91453004838511,39362,13111,FullTime,Bachelors,1
44220,18454,26,0.8779474657118405,31848,12388,FullTime,Bachelors,0
51702,20667,49,0.7160043990966692,42530,12029,PartTime,Masters,0
59931,19237,28,0.8364293027657983,33916,16293,PartTime,HighSchool,0
73790,23540,25,0.9024358906502231,45587,10027,Unemployed,HighSchool,1
31432,24783,50,0.9032594841651054,25612,13597,FullTime,Masters,0
81995,16070,40,0.811936785526715,31443,9466,FullTime,Bachelors,0
20718,13343,42,0.9825075959974091,38266,7753,Unemployed,HighSchool,0
47723,10818,25,0.7502071096710342,24278,10576,PartTime,Bachelors,0
58824,22539,62,0.8501078338646681,22099,9506,FullTime,Bachelors,0
54214,14483,39,0.9072651929652468,23706,9755,FullTime,HighSchool,1
40659,9235,21,0.9091407417675428,22507,17826,SelfEmployed,HighSchool,0
46878,21942,57,0.8945916870306446,35225,10729,FullTime,HighSchool,0
42604,32464,20,0.782586464035558,11651,8685,PartTime,Bachelors,0
41159,19969,46,0.7468619706059866,14440,12140,FullTime,Masters,0
62744,24192,58,0.8907820980480132,48627,12521,FullTime,PhD,0
55355,20409,46,0.8797906348418313,22749,6065,PartTime,Bachelors,0
39606,19505,51,0.7538068030867723,32000,10507,FullTime,HighSchool,0
63493,24595,51,0.911541743671169,15108,10306,FullTime,Masters,1
54609,18548,45,0.8365515975200969,30941,11139,FullTime,Bachelors,0
62192,21336,30,0.9003281774809458,22809,15627,FullTime,HighSchool,1
59444,21608,32,0.9512101239310452,14369,12683,PartTime,Masters,0
37565,16659,40,0.750918528573077,43369,18139,SelfEmployed,Bachelors,0
41597,24960,61,0.705743460399051,41825,11941,PartTime,Bachelors,0
61209,19125,43,0.933730775918736,28926,20880,FullTime,Bachelors,1
59155,16221,21,0.8829092275457847,39994,9696,FullTime,HighSchool,0
49686,22682,43,0.9098918708866365,49032,8152,FullTime,HighSchool,1
51759,15507,57,0.9514464924965927,37540,14736,SelfEmployed,Bachelors,1
69164,20140,26,0.9408432804473501,34796,18820,SelfEmployed,HighSchool,1
41126,19954,22,0.9882760440786474,31989,5105,SelfEmployed,Bachelors,0
58206,25429,49,0.8607805236556354,36494,11015,FullTime,Bachelors,0
46967,22373,37,0.8465486897979716,26360,8946,FullTime,Bachelors,0
46734,19874,67,0.820566159967219,27233,12714,FullTime,Bachelors,0
66481,24088,28,0.7461073128532614,34508,12050,FullTime,Bachelors,0
62381,26951,32,0.8717821698646067,25261,18726,FullTime,Masters,0
62202,22789,49,0.7831037572977936,26342,11457,SelfEmployed,Bachelors,0
69582,20051,45,0.9763922536638926,30001,18873,FullTime,HighSchool,1
50315,13440,39,0.8749572412831292,41506,10424,FullTime,HighSchool,0
60229,14674,58,0.8778520541524331,18673,16632,FullTime,Bachelors,0
45345,18473,34,0.8064773982631029,37591,13143,SelfEmployed,HighSchool,0
54862,16952,43,0.7155968055933122,37917,20649,FullTime,HighSchool,0
48047,19065,61,0.7095231296118966,37858,4614,PartTime,HighSchool,0
51454,20283,24,0.8270005432459592,21932,6180,SelfEmployed,Bachelors,0
58927,22648,59,0.7253696134291713,13073,21158,FullTime,Masters,0
37726,19647,43,0.8820540866620418,35597,8333,PartTime,HighSchool,0
81385,22432,42,0.9642919016918973,31875,8650,FullTime,Bachelors,1
34909,20322,27,0.9648744449556167,40043,7621,FullTime,Bachelors,0
31787,10122,62,0.8977136230396697,22994,17742,SelfEmployed,HighSchool,0
67371,15303,36,0.7633695494418793,37601,5732,PartTime,Masters,0
61874,19279,28,0.9588990494076616,40544,12112,FullTime,Bachelors,1
59361,13951,30,0.9658280305939625,29046,10671,FullTime,Bachelors,1
59425,22999,25,0.7589960754858875,34169,17182,FullTime,Bachelors,0
49816,27653,57,0.9212278257312032,33819,9181,FullTime,HighSchool,1
36541,26093,21,0.7859558646781368,21785,14076,FullTime,Bachelors,0
51137,18932,64,0.9407920937058789,35310,6143,FullTime,HighSchool,1
39842,27453,48,0.9991713699710808,46224,23369,FullTime,Masters,0
64626,20743,45,0.7090078015988178,30222,10802,SelfEmployed,Bachelors,0
47794,18314,28,0.9692097597372795,15390,12043,FullTime,Bachelors,1
37617,16932,60,0.8867891600795974,23127,20273,FullTime,HighSchool,0
45179,18487,18,0.9920147857494463,12205,9066,FullTime,Bachelors,1
56193,18059,66,0.8395028552579282,42902,20336,SelfEmployed,Bachelors,0
41544,20852,64,0.9542163791714121,37641,9942,FullTime,Bachelors,0
37666,20802,69,0.7187182205794831,24986,15358,FullTime,Bachelors,0
53655,20015,55,0.8005837150234887,15819,9136,FullTime,Bachelors,0
53674,22184,41,0.720104961325363,21667,5219,PartTime,Masters,0
42395,25953,64,0.9926029400437212,23617,14072,FullTime,Bachelors,0
42934,24747,48,0.9450921721815511,31094,15199,SelfEmployed,Masters,0
53480,12575,58,0.9557642263737911,30757,5420,Unemployed,Masters,1
28278,7230,63,0.9813895694301683,43414,10464,PartTime,Bachelors,0
28888,24671,67,0.7255310458359355,23072,18003,PartTime,HighSchool,0
39223,13165,43,0.815679277754,14918,15000,FullTime,Bachelors,0
46798,18876,66,0.7213104667132006,18430,10023,FullTime,Masters,0
54663,14149,67,0.7632379304650085,29769,9012,Unemployed,HighSchool,0
72130,10990,22,0.7688097331113016,22713,21741,FullTime,Bachelors,0
62864,22707,37,0.8407321633142736,27079,4765,FullTime,Masters,0
47600,23795,69,0.7805686502360928,25459,11704,PartTime,Bachelors,0
49714,17117,58,0.7302934320453283,39902,4676,FullTime,Bachelors,0
34962,7044,28,0.7502473267282322,24130,18574,FullTime,HighSchool,0
49722,17268,50,0.7441826690656272,26226,11964,FullTime,HighSchool,0
45670,21959,67,0.9919230393736895,37172,12890,FullTime,Bachelors,1
54840,12605,55,0.9277877520755421,24350,25844,SelfEmployed,HighSchool,0
37591,20916,44,0.9903284395808686,34232,9032,FullTime,HighSchool,0
57790,19923,51,0.8319221459523726,33314,20742,FullTime,Masters,0
72991,22896,32,0.783510544498797,31417,10046,FullTime,Bachelors,0
48368,20597,49,0.939487959162756,18656,10832,PartTime,PhD,1
56025,15134,38,0.797876175412344,42297,25190,PartTime,PhD,0
60352,25982,63,0.7898150121116044,52206,11194,FullTime,HighSchool,0
43981,19207,22,0.7697517976623494,30088,5128,PartTime,HighSchool,0
53361,19863,23,0.7389036934672706,19536,13409,FullTime,Bachelors,0
50188,15333,55,0.7769389183050298,30291,11136,SelfEmployed,Bachelors,0
51465,17783,39,0.8065959245421663,39898,13835,FullTime,HighSchool,0
38404,15575,35,0.9021982624437191,23848,11332,PartTime,Bachelors,0
50367,19135,31,0.7187694526658355,28711,23077,FullTime,HighSchool,0
57469,28558,27,0.7631520818996028,33406,14783,FullTime,Masters,0
71767,13140,63,0.9427070920875029,42030,6625,FullTime,HighSchool,1
64389,11932,30,0.7440765770751312,37754,12622,SelfEmployed,HighSchool,0
82297,27355,48,0.8027935439567564,38168,8001,FullTime,HighSchool,0
38489,18953,47,0.959397676557442,25737,10761,SelfEmployed,PhD,0
63084,16654,20,0.7464775933430328,34019,7447,FullTime,Bachelors,0
52750,25199,47,0.7248210506854569,22780,22535,FullTime,Masters,0
82847,16971,23,0.8453613985240033,38455,8543,FullTime,Bachelors,0
37875,29130,46,0.7907258533835609,41512,15437,SelfEmployed,Bachelors,0
37404,23389,25,0.8690225093451562,35533,10382,FullTime,HighSchool,0
41009,17560,61,0.9411414671450425,26325,6207,SelfEmployed,Bachelors,0
18141,30786,62,0.741144546445823,27962,12988,SelfEmployed,Bachelors,0
42113,16971,60,0.8742097253662855,48065,14003,SelfEmployed,Bachelors,0
38613,23710,61,0.8516526281169592,26492,14793,FullTime,HighSchool,0
52255,21496,50,0.7432236358039598,40499,-1111,PartTime,Masters,0
55126,26508,34,0.8871995456586947,33388,5825,PartTime,HighSchool,0
78142,27807,65,0.7820921253582315,26658,16787,FullTime,PhD,0
64256,20160,28,0.8463502955632037,16553,7381,PartTime,HighSchool,0
41346,16232,30,0.7246816972831185,32116,13014,FullTime,Bachelors,0
36523,22299,67,0.8378752171640869,30911,5709,FullTime,Bachelors,0
57378,16611,28,0.791939040412846,48065,15658,FullTime,Bachelors,0
30196,30066,48,0.9467143633556063,21398,16656,FullTime,Bachelors,0
77471,20682,45,0.7170936180992105,52947,15659,FullTime,Bachelors,0
67691,18173,61,0.825582182475499,33788,17162,FullTime,Bachelors,0
42962,20923,23,0.8375294272394314,33778,19819,PartTime,Bachelors,0
24302,13264,58,0.9175018228897356,24069,6129,FullTime,Bachelors,0
70308,15141,33,0.8722862725270633,33147,8056,FullTime,Masters,0
48281,26002,21,0.9001637011582543,34730,16487,FullTime,HighSchool,1
68567,16715,52,0.9331147856955269,39373,17651,FullTime,Bachelors,1
26083,14765,65,0.9586608920974566,20216,8628,PartTime,Bachelors,0
41009,22683,43,0.7941626490167412,44067,8280,FullTime,Bachelors,0
50078,25928,29,0.8614068116091709,33614,8738,PartTime,Bachelors,0
50704,23594,28,0.95203242353176,36082,3974,FullTime,Bachelors,1
43249,24980,54,0.996835339289517,27790,5642,PartTime,HighSchool,0
59342,16216,42,0.966855793313129,20718,5763,FullTime,HighSchool,1
33985,12890,35,0.811440178787313,30727,10529,FullTime,HighSchool,0
47864,27506,36,0.7585499551655951,31872,13354,PartTime,Bachelors,0
51804,18386,40,0.8468177612219766,16145,14167,FullTime,Bachelors,0
57716,18745,55,0.9224924355508126,37932,9457,PartTime,PhD,1
60674,26640,35,0.8477707212259893,39965,9580,PartTime,Bachelors,0
33130,22781,43,0.8449542589941005,22703,12618,FullTime,HighSchool,0
26988,22279,23,0.9514691263245402,19774,4519,FullTime,Masters,0
69165,30825,21,0.8084211337201559,26970,16797,FullTime,Masters,0
54984,16782,61,0.9579384024434937,30238,18426,SelfEmployed,Bachelors,1
38772,24639,68,0.8220414402855171,27358,8872,PartTime,Bachelors,0
73267,20285,46,0.7984699317035018,29390,10007,FullTime,PhD,0
51735,21342,51,0.8361969733599097,32214,18216,FullTime,Bachelors,0
67689,27642,34,0.9287340876024606,16317,11384,FullTime,Masters,1
51012,22539,60,0.7378006083591983,17467,14941,SelfEmployed,HighSchool,0
80911,22691,60,0.7589257647616052,2777,11538,FullTime,HighSchool,0
76330,25362,33,0.9854334476989276,39425,19781,FullTime,Bachelors,1
46265,18175,19,0.7526474882144072,30152,14450,SelfEmployed,Bachelors,0
64573,15803,51,0.8703181953793163,40478,14738,FullTime,Masters,0
59680,14775,25,0.8737943399985814,18622,14831,FullTime,PhD,0
70529,10168,30,0.8468873386150734,30244,9224,Unemployed,Bachelors,0
35526,30281,59,0.8934235745730456,32148,9683,PartTime,HighSchool,0
60290,14483,25,0.7689480177392854,24382,15846,FullTime,Masters,0
65876,18893,47,0.8657986803330244,14465,12632,FullTime,Bachelors,0
23618,18615,49,0.8116519765740691,47458,6111,FullTime,HighSchool,0
32251,21537,53,0.8985001778887567,43992,21365,FullTime,Bachelors,0
19411,24078,64,0.7423670630119448,26180,16890,SelfEmployed,Bachelors,0
45958,24302,47,0.8712632250518428,35102,12188,FullTime,Bachelors,0
60763,17084,18,0.7555811066149971,25152,10632,PartTime,Bachelors,0
72535,19164,60,0.7835929189345109,20045,12993,SelfEmployed,Bachelors,0
51111,21412,56,0.7656129400970749,48272,14587,FullTime,PhD,0
74429,18756,34,0.7548513339606451,13446,1834,FullTime,Bachelors,0
29298,28036,37,0.9477132854682001,27144,22561,FullTime,Bachelors,0
24449,22454,41,0.7857122702982671,30843,8050,SelfEmployed,HighSchool,0
49166,23674,67,0.9781371345593348,46512,11990,SelfEmployed,Bachelors,1
55760,23314,39,0.9909779576035572,38965,12174,FullTime,HighSchool,1
49509,25867,46,0.8713781409811292,13277,21984,PartTime,HighSchool,0
18988,20905,39,0.7429003367997179,29972,11559,FullTime,Bachelors,0
48663,13515,61,0.8123644730138744,30210,19942,SelfEmployed,HighSchool,0
30432,21998,26,0.9393196790044642,27716,14033,FullTime,Bachelors,0
60045,16743,54,0.8102172186091211,36198,7190,FullTime,HighSchool,0
55498,17356,27,0.7261051654908366,15908,12673,SelfEmployed,Bachelors,0
35901,22931,53,0.8670354732784563,25913,11407,FullTime,HighSchool,0
42291,26191,54,0.9535362554488104,34788,6579,FullTime,HighSchool,0
34111,20106,45,0.9387779161430507,36795,13788,FullTime,HighSchool,0
49059,21544,45,0.7525369420391059,31494,12110,FullTime,Masters,0
64327,28511,59,0.90182938432374,27116,14782,FullTime,Masters,1
35214,21203,60,0.7661512790306941,28800,12966,SelfEmployed,HighSchool,0
57560,33008,38,0.7654622603656517,37404,8744,FullTime,Bachelors,0
42046,22827,41,0.9622215319915556,30339,15841,FullTime,Bachelors,0
38106,11196,59,0.7749006858220691,19581,8878,PartTime,PhD,0
48394,23766,57,0.7789742039554033,17665,-3498,FullTime,Bachelors,0
34471,21905,19,0.7001960172283899,15103,12643,FullTime,Bachelors,0
41695,26448,25,0.9612007102376553,44555,9229,PartTime,HighSchool,0
32031,23365,65,0.9377784439627405,38074,13910,SelfEmployed,Bachelors,0
79470,19307,44,0.8881986805272034,28935,21994,PartTime,PhD,0
50528,13878,39,0.9250797291816527,25462,22138,PartTime,Bachelors,0
39504,18954,54,0.7456145702273475,24260,11174,FullTime,HighSchool,0
53209,15747,44,0.8374970783762726,40932,7867,SelfEmployed,HighSchool,0
48315,17097,46,0.8053658162046342,49044,14923,FullTime,Bachelors,0
46685,22942,20,0.7281329578771049,23946,10148,PartTime,Bachelors,0
59212,28349,61,0.8458391455644771,41384,13958,FullTime,Bachelors,0
61362,21973,30,0.9762218951027906,30280,8695,SelfEmployed,PhD,1
42042,14020,62,0.7120177357152083,27875,13253,PartTime,HighSchool,0
41362,22223,27,0.7874382740481382,45042,7940,PartTime,Bachelors,0
45874,25983,53,0.762262280861711,29898,17921,FullTime,Masters,0
15471,16951,26,0.7714439960997088,32963,9050,FullTime,Bachelors,0
27272,19329,44,0.9725303655638126,32482,15305,PartTime,HighSchool,0
70503,20073,51,0.840420716270287,13744,5676,PartTime,Bachelors,0
74674,16075,68,0.8398898238819457,32884,15905,FullTime,Masters,0
46264,23241,18,0.9281726927365846,24373,7168,Unemployed,HighSchool,1
58648,19395,49,0.7463476612014777,15788,13305,SelfEmployed,Masters,0
54668,22097,42,0.8461796062300152,24828,17116,FullTime,Bachelors,0
96183,15562,46,0.8289955642363179,24746,11000,SelfEmployed,HighSchool,0
66793,17812,24,0.8790732071639968,40298,6854,FullTime,Bachelors,0
48081,23611,66,0.9998673109751316,19362,14484,FullTime,Bachelors,1
35666,18135,20,0.9308346682246141,22101,7795,FullTime,Bachelors,0
25903,28634,37,0.8193597109052281,32353,9978,FullTime,Bachelors,0
53051,18001,37,0.9482659156822141,16742,13327,PartTime,PhD,1
38654,21123,47,0.751212508993744,23409,18803,FullTime,HighSchool,0
28666,24662,52,0.709139105892688,13355,12132,PartTime,Bachelors,0
40301,12908,52,0.7613345117392819,39200,12114,PartTime,Bachelors,0
33776,11195,66,0.8021234668342778,26986,15687,PartTime,Bachelors,0
75307,12371,56,0.853174227237868,29840,12251,FullTime,Bachelors,0
63224,26312,44,0.88453874216236,39160,15177,SelfEmployed,HighSchool,0
49880,17240,43,0.9731817151643265,22777,17392,FullTime,Bachelors,1
72199,32790,31,0.8529562028651373,26880,10361,FullTime,Bachelors,0
51160,17178,34,0.8503826933877188,19436,-4375,FullTime,HighSchool,0
37080,20922,35,0.7150729029468946,19414,7910,FullTime,Masters,0
72846,27710,62,0.7104734657968671,20794,18043,SelfEmployed,Masters,0
58083,30030,69,0.8653479885749116,25075,11831,FullTime,Bachelors,0
34441,30307,46,0.8314535839745033,26152,10304,PartTime,HighSchool,0
47144,26041,37,0.9517541184940895,32886,17833,FullTime,Bachelors,1
36865,25120,44,0.7482038754135535,21087,11493,FullTime,HighSchool,0
29258,22962,35,0.7074914986351148,33196,1537,Unemployed,HighSchool,0
63892,23891,21,0.8347116303790377,34850,4473,PartTime,Bachelors,0
78641,17244,18,0.7712435670256772,25321,14093,FullTime,HighSchool,0
29021,15909,67,0.7148843120016511,21952,11665,FullTime,HighSchool,0
58444,19983,18,0.9173794860542887,30850,19273,FullTime,HighSchool,1
40240,19149,43,0.7334778999871742,27970,8333,FullTime,HighSchool,0
42693,17733,62,0.8824958500023314,32203,10452,PartTime,HighSchool,0
41114,23481,37,0.7843149250500667,45698,7577,PartTime,PhD,0
37040,24776,69,0.7520488151065066,30686,9397,FullTime,HighSchool,0
50727,20442,40,0.8139254568757952,23607,2540,SelfEmployed,HighSchool,0
37535,27387,27,0.9404337328668861,21091,10071,FullTime,HighSchool,0
54056,14291,28,0.8176280730713718,21477,11740,FullTime,Masters,0
49246,19031,58,0.9252308947633167,15372,11318,FullTime,Bachelors,1
46415,16415,58,0.7376458890397452,39327,22747,PartTime,Bachelors,0
36386,10667,22,0.9318314258995237,7667,21167,FullTime,Masters,0
41348,19586,18,0.7710799974719945,34881,8245,FullTime,Bachelors,0
61330,19391,34,0.9032179389666618,21319,1780,FullTime,Bachelors,1
57513,27567,39,0.8697344664522989,24875,11503,FullTime,HighSchool,0
35336,23154,51,0.9787434151635062,21020,13882,SelfEmployed,Bachelors,0
51489,14879,62,0.8161967553925942,44458,7697,FullTime,Bachelors,0
61270,29270,58,0.7198495566503321,30163,7945,FullTime,Bachelors,0
24958,26105,46,0.7057466456653758,37903,19912,PartTime,HighSchool,0
58150,22910,21,0.948057568291826,43005,10712,SelfEmployed,Bachelors,1
40060,18867,22,0.8574206912984297,31634,15311,SelfEmployed,HighSchool,0
58558,15202,28,0.9325732155504848,18043,7348,FullTime,HighSchool,1
38551,18138,68,0.7703276800034544,27793,11715,FullTime,Bachelors,0
22926,25443,38,0.8035251236539701,22577,10318,FullTime,Masters,0
25586,29422,52,0.7090311616633956,24964,8623,FullTime,Bachelors,0
50721,27716,29,0.9884476973722336,29053,17776,SelfEmployed,Bachelors,1
53895,17555,43,0.900360372010244,28658,5055,FullTime,HighSchool,1
36435,14401,68,0.9799615263277919,34121,13500,FullTime,HighSchool,0
59578,20704,36,0.7796489222287216,35573,10224,FullTime,HighSchool,0
25077,11157,62,0.8834390833676983,28658,14074,FullTime,Bachelors,0
49008,21615,24,0.9035499904877913,34034,10292,PartTime,HighSchool,1
31834,19261,64,0.7952649100772765,24506,16335,FullTime,HighSchool,0
40222,17669,24,0.954432770504689,43147,7301,FullTime,Bachelors,0
50710,12026,43,0.9841484388700743,24344,17787,FullTime,HighSchool,1
37093,22568,57,0.9654565353088013,41971,11855,FullTime,Bachelors,0
44231,17336,22,0.9217200927818118,15239,5357,FullTime,Bachelors,0
65094,14150,38,0.7832394039174861,26195,15401,PartTime,Bachelors,0
41346,5638,31,0.7844848126316895,26690,11005,FullTime,Bachelors,0
62535,19862,21,0.9890080961338114,32789,3460,PartTime,Bachelors,1
33054,28861,40,0.7030853487807076,38618,13662,SelfEmployed,HighSchool,0
57947,28306,59,0.9148149919726434,17506,17032,SelfEmployed,Bachelors,0
71623,17714,37,0.9118738487665786,18920,18410,SelfEmployed,Masters,0
12925,16988,32,0.8868068622849392,15980,10108,FullTime,HighSchool,0
38046,22343,67,0.9970326538260598,43201,12726,FullTime,HighSchool,0
58656,15008,69,0.7935638307291175,32976,12252,FullTime,Masters,0
46954,21508,62,0.8019915591379744,19156,19449,SelfEmployed,Bachelors,0
55567,23830,46,0.7236818208839666,25569,7947,Unemployed,Bachelors,0
40940,26134,25,0.8328394409631212,41817,9676,SelfEmployed,Bachelors,0
51298,19499,58,0.7783145578704544,27218,7826,FullTime,HighSchool,0
47664,18981,65,0.8030160106532932,26628,4754,SelfEmployed,Bachelors,0
67516,15610,36,0.9503715370766883,22187,13238,FullTime,Bachelors,1
53816,15865,65,0.9806453540582487,19750,20006,FullTime,HighSchool,0
55064,18867,56,0.7557199216015557,41833,11007,FullTime,Bachelors,0
43821,21836,63,0.8117526794660397,46739,7590,FullTime,Bachelors,0
42685,24567,45,0.9785891686346182,20148,12934,FullTime,Bachelors,0
43511,15984,63,0.7185425382067667,44049,14945,FullTime,HighSchool,0
55916,27463,44,0.7277081584334135,25126,11218,FullTime,Bachelors,0
43685,18644,21,0.7488372967618687,35336,19017,PartTime,Bachelors,0
54346,19893,32,0.8785638502380624,44102,7938,SelfEmployed,Bachelors,0
81131,16263,52,0.7451416813017993,28549,10565,PartTime,Bachelors,0
63066,7878,54,0.99042291443522,26720,13479,FullTime,HighSchool,1
45109,24420,18,0.8340143581775561,38010,13964,SelfEmployed,Bachelors,0
68018,23684,20,0.85045538810505,18900,12236,SelfEmployed,Bachelors,0
43878,18593,64,0.773997584741622,41470,5607,FullTime,HighSchool,0
19428,20334,41,0.84128807573042,31428,23690,FullTime,Bachelors,0
34878,22579,44,0.8985740897911034,24222,10820,FullTime,Bachelors,0
21938,12187,57,0.9253531410862128,23958,12551,FullTime,Bachelors,0
44727,17354,53,0.9261604248129739,16165,15083,PartTime,HighSchool,0
50276,23971,51,0.8733673338082265,24638,8817,SelfEmployed,Bachelors,0
75146,13728,46,0.9713079324981572,27359,12284,FullTime,Masters,1
54903,21467,41,0.9452223541918328,19387,8614,SelfEmployed,Bachelors,1
46713,13217,41,0.9271144344095876,29545,14077,SelfEmployed,Masters,1
62441,22332,59,0.7166816565041382,34729,10619,SelfEmployed,PhD,0
16832,19821,21,0.7020633886658948,27865,13343,FullTime,HighSchool,0
53534,11924,20,0.7637341831586418,36627,6767,SelfEmployed,Bachelors,0
61562,25823,51,0.8990570781740357,21928,7855,FullTime,Bachelors,0
27821,16327,66,0.8233592466647637,40033,5174,FullTime,Masters,0
67156,15948,40,0.8207218777897934,31218,8447,FullTime,HighSchool,0
55077,21002,69,0.9653760664688841,45452,-867,FullTime,PhD,1
43770,25743,40,0.9686688544395516,54142,10464,PartTime,Bachelors,0
59491,14920,62,0.9727525792160757,25297,9328,FullTime,Bachelors,1
84060,20308,22,0.7941634229545081,25709,12754,FullTime,HighSchool,0
52727,22144,48,0.9073167438217785,27537,12223,FullTime,HighSchool,1
53723,23465,58,0.7814899543823108,35957,18285,PartTime,Bachelors,0
43109,20882,23,0.7571829499223349,43259,24971,FullTime,HighSchool,0
37252,18164,54,0.7553897372042108,23471,17687,SelfEmployed,Masters,0
62455,15862,27,0.8026322862590782,33812,9734,FullTime,HighSchool,0
37158,20430,57,0.8289872859339464,28640,9533,FullTime,Bachelors,0
51073,14639,24,0.9492847513165205,36181,16343,FullTime,Bachelors,1
42835,5393,56,0.7359673280418136,45094,3583,FullTime,Bachelors,0
57184,22182,55,0.9204777542184682,27596,10423,FullTime,Bachelors,1
55004,24519,38,0.8594364742567916,13301,10809,FullTime,Bachelors,0
65563,8185,37,0.7863836028027977,37439,14920,Unemployed,HighSchool,0
42349,14951,20,0.8478458753598473,21672,15069,PartTime,HighSchool,0
45951,23095,68,0.7899826209331068,28568,8277,FullTime,Bachelors,0
35318,30287,39,0.8788245865714918,37870,9928,FullTime,Bachelors,0
43335,20103,64,0.8301531768565732,32973,14225,SelfEmployed,Bachelors,0
55659,16359,21,0.7493216587236636,28982,8005,FullTime,Bachelors,0
61354,19085,45,0.734974922366709,24241,18030,FullTime,Bachelors,0
36167,26874,29,0.864008704621639,1001,15045,PartTime,Bachelors,0
63044,16770,55,0.970723909985831,36983,12857,PartTime,HighSchool,1
70334,16004,68,0.8031873059673056,27470,13954,FullTime,Bachelors,0
56201,17586,53,0.919900032166787,45133,9665,FullTime,PhD,1
78151,15233,64,0.8975984064819301,33980,8868,FullTime,Masters,0
38393,20613,58,0.9794664742928443,24588,9876,PartTime,Bachelors,0
31330,28123,22,0.9462943051897422,40668,14499,FullTime,Bachelors,0
23319,21615,30,0.8699815776716389,41511,13005,FullTime,Masters,0
72440,18738,40,0.8971091494702321,27809,9886,FullTime,Bachelors,0
59815,18540,67,0.9695159399752105,41936,15747,FullTime,HighSchool,1
49166,12184,47,0.8198556353760804,24446,11130,SelfEmployed,HighSchool,0
54199,24415,54,0.7980384117573331,31596,8533,SelfEmployed,Bachelors,0
33117,19610,42,0.7032433250905589,35714,13271,PartTime,PhD,0
86686,19097,65,0.9479653222574392,37847,6934,FullTime,Bachelors,1
51938,35965,44,0.9402942101210094,36215,3563,FullTime,HighSchool,0
51640,21493,68,0.7313363554300454,26673,11974,FullTime,HighSchool,0
60886,16241,31,0.8730572143398101,40936,8712,FullTime,Bachelors,0
57215,17868,65,0.8391945094500662,28755,10729,Unemployed,Masters,0
53358,25742,64,0.7356127286527334,24309,7166,FullTime,Bachelors,0
38142,20566,53,0.9941704681182171,24456,18044,FullTime,Bachelors,0
57072,12808,56,0.7644087662390066,49399,8692,FullTime,HighSchool,0
78230,24596,33,0.7201702540271683,22580,9840,PartTime,Masters,0
70181,16659,39,0.8784542138505729,42916,13889,FullTime,Bachelors,0
73897,29366,38,0.9216600031399098,18645,5116,FullTime,HighSchool,1
42331,25400,38,0.7097330338141561,34879,4747,FullTime,Bachelors,0
35155,17763,25,0.8976152916181066,32970,13904,SelfEmployed,HighSchool,0
48113,26405,66,0.8596875627854363,46212,9775,FullTime,HighSchool,0
50835,20339,33,0.7309795026625144,23455,7492,SelfEmployed,HighSchool,0
66412,24263,48,0.7517571630839086,20693,15016,SelfEmployed,HighSchool,0
24613,22423,59,0.8703922891948241,28834,7940,FullTime,Bachelors,0
72943,15768,27,0.7889072840539865,46648,10627,PartTime,Bachelors,0
47629,16782,49,0.9814947185953948,21158,7519,FullTime,Bachelors,1
43596,25149,51,0.9456220688452153,4115,13517,Unemployed,Bachelors,0
34818,18326,26,0.9950701619540989,30597,18660,FullTime,HighSchool,0
25177,17981,34,0.7779012516851241,39495,2694,FullTime,HighSchool,0
62347,15224,28,0.9909170898393931,19861,12563,FullTime,Bachelors,1
51099,22117,49,0.8293701609374673,38479,16282,FullTime,Bachelors,0
30650,30312,27,0.8042556385941264,19640,9892,Unemployed,HighSchool,0
30573,14662,39,0.7151048580908059,28534,6344,FullTime,Masters,0
44963,20121,34,0.7158295773578808,37526,14104,PartTime,Bachelors,0
75035,27061,21,0.9076033767839964,18125,17008,FullTime,Masters,0
46106,19601,65,0.8373786983302084,31815,16452,SelfEmployed,Bachelors,0
27452,22261,69,0.7679564878108317,42149,13829,FullTime,HighSchool,0
46313,14688,64,0.8841910918975697,34739,12489,FullTime,Bachelors,0
45909,22141,42,0.7758574354750333,22793,7504,FullTime,HighSchool,0
9546,19064,38,0.8732895263033268,45187,16326,PartTime,Bachelors,0
49185,24928,54,0.807762624094807,36583,16049,FullTime,HighSchool,0
46535,25936,55,0.9470656679835457,11395,6309,FullTime,Masters,1
60443,32947,66,0.9462088482300338,38642,13822,FullTime,HighSchool,0
77734,22898,18,0.8432051194367204,24286,15264,PartTime,Masters,0
66898,21628,42,0.8052457328005046,31965,16410,FullTime,Masters,0
45966,20971,68,0.8087679389677284,40080,11625,FullTime,Bachelors,0
33402,18234,53,0.9417143577004654,24503,7712,FullTime,Bachelors,0
88600,21692,34,0.7984538448392836,13544,9489,SelfEmployed,Bachelors,0
50888,18522,58,0.7627178121120538,45055,6963,SelfEmployed,Masters,0
50208,20842,41,0.725406502562592,41645,11744,FullTime,Bachelors,0
49638,26587,19,0.8400079362653224,29127,10765,FullTime,Bachelors,0
52971,14967,57,0.8446396296759525,38534,22725,FullTime,Bachelors,0
47834,25699,32,0.9522726131208722,26306,16473,FullTime,Masters,1
41395,26585,49,0.7663716089338192,30969,16847,FullTime,Bachelors,0
41797,19409,56,0.8142973821005199,28557,14356,PartTime,Bachelors,0
49508,9390,23,0.9425217216681073,26710,10163,FullTime,Bachelors,1
41848,16960,18,0.947087083224692,33593,10623,SelfEmployed,Masters,0
39307,26484,64,0.8153833227936305,17918,11080,FullTime,Bachelors,0
51596,19885,40,0.8377372069860043,27484,12941,PartTime,HighSchool,0
46175,15003,56,0.7909857672547849,33144,13945,FullTime,Bachelors,0
72559,17476,34,0.9797664635257937,48381,12003,FullTime,PhD,1
10235,24203,51,0.735593129722474,18324,10547,FullTime,Bachelors,0
66372,22733,58,0.980124826900441,35205,9029,FullTime,Masters,1
68691,18805,46,0.9051599355506029,36301,5036,FullTime,HighSchool,1
18899,18165,26,0.8594716458060193,11232,18416,PartTime,Bachelors,0
44859,18041,30,0.7097977182353488,34105,23027,SelfEmployed,Bachelors,0
44428,15387,23,0.8426788575466024,38802,17996,FullTime,Masters,0
28887,28076,23,0.8223244315008197,35886,5704,FullTime,HighSchool,0
38332,18388,37,0.7483656435925368,29160,15935,FullTime,Masters,0
33341,26085,69,0.896922881050197,33332,17118,FullTime,Bachelors,0
76284,27606,20,0.9913452722104857,31698,9982,FullTime,HighSchool,1
64035,24991,34,0.8686566433193575,13105,14444,PartTime,Bachelors,0
69073,17841,66,0.9144259829331838,31933,9718,Unemployed,HighSchool,1
60825,22018,29,0.720535135769805,26329,19644,SelfEmployed,Bachelors,0
33064,19879,65,0.8253000987450984,22951,13826,FullTime,HighSchool,0
42132,15481,64,0.7349075455493487,54849,7414,SelfEmployed,HighSchool,0
57340,21621,62,0.8838387506609531,42526,15349,PartTime,Masters,0
31668,14104,18,0.9815446474642464,18498,17293,FullTime,HighSchool,0
60694,25938,34,0.8985333197414915,33466,12990,FullTime,HighSchool,0
46395,17676,20,0.7230409144943264,44580,14397,SelfEmployed,Bachelors,0
44377,21005,43,0.8063998614955248,15038,11651,FullTime,Bachelors,0
60664,21416,32,0.8651990138322554,30769,6328,FullTime,Bachelors,0
56663,18705,53,0.8209623268399756,31240,11241,FullTime,Bachelors,0
44585,22933,49,0.9500932031425517,17255,14615,FullTime,Bachelors,0
67389,17625,49,0.9444013014129967,33795,11359,FullTime,Bachelors,1
33784,24356,21,0.8835493060309664,41162,16003,SelfEmployed,HighSchool,0
59239,13270,35,0.8120373835398116,45080,10039,PartTime,HighSchool,0
58896,20631,66,0.7766009121289732,27506,10367,PartTime,Bachelors,0
45356,29694,36,0.7317622954639388,55016,16155,FullTime,Bachelors,0
54891,14998,60,0.8064693050459661,9420,13109,PartTime,Bachelors,0
31233,16611,69,0.8239517551623158,33562,9941,FullTime,Bachelors,0
63860,22569,52,0.9027468775312221,15877,17169,FullTime,Bachelors,0
47226,20897,57,0.897447947289272,30901,8556,FullTime,HighSchool,0
42159,21753,31,0.721032441892377,24780,8365,FullTime,HighSchool,0
65735,22445,50,0.8185777946293473,35068,-2147,FullTime,Bachelors,0
39434,23173,31,0.7545336601652085,28731,9230,FullTime,Bachelors,0
28873,25548,51,0.7470438115950416,21740,18543,FullTime,Bachelors,0
26650,22049,21,0.9481906449211738,22397,1638,FullTime,HighSchool,0
59090,18793,41,0.7125745650148773,49324,7240,Unemployed,Bachelors,0
30793,23362,46,0.8257548627706364,34435,14195,FullTime,Masters,0
76321,29499,36,0.7504610967299554,12978,775,PartTime,HighSchool,0
18771,19336,23,0.9637990647035422,35507,9446,FullTime,Bachelors,0
75446,15127,50,0.8671121539825105,28053,17704,FullTime,PhD,0
53165,25535,66,0.7694141909130544,30046,22215,Unemployed,Bachelors,0
48549,19398,57,0.8507281861499129,38198,13451,FullTime,Bachelors,0
41826,9136,36,0.9194459079109347,41832,7367,FullTime,HighSchool,0
55987,24237,18,0.9874354026758301,21411,7199,PartTime,Bachelors,1
49435,17323,22,0.7661338012736256,29702,12724,FullTime,HighSchool,0
66549,19547,44,0.9658545316388035,24538,13404,SelfEmployed,PhD,1
51713,21659,33,0.9802912342502471,35968,21289,FullTime,Bachelors,1
52254,20952,23,0.9749261633596199,27676,16854,FullTime,Bachelors,1
44545,23547,57,0.890624307058573,30292,12420,FullTime,Bachelors,0
49145,17822,30,0.8889461963304123,27297,10323,FullTime,Bachelors,0
54617,22565,65,0.8209631899551468,28938,27073,SelfEmployed,Bachelors,0
24347,18702,52,0.9257193646911364,47046,15132,PartTime,Masters,0
29777,23694,36,0.8593882055052796,53907,8656,FullTime,PhD,0
61148,23076,29,0.9032314213684883,33770,10876,FullTime,Bachelors,1
52562,15322,33,0.8285373711546387,29000,7612,PartTime,Masters,0
47240,25429,60,0.9194489392129417,14043,-22,FullTime,Bachelors,1
50276,17320,27,0.9473414552813647,22395,13563,FullTime,Bachelors,1
55213,24040,42,0.7439308769808448,28732,20912,FullTime,Bachelors,0
41903,21836,37,0.9498789146722684,22849,3847,FullTime,HighSchool,0
38325,29190,48,0.8620889595370922,23900,12276,PartTime,HighSchool,0
52937,18882,21,0.9533997727270673,45753,8465,Unemployed,HighSchool,1
35324,18253,61,0.8293905119023044,30287,14607,FullTime,Bachelors,0
56123,19902,40,0.8137121456149105,31182,11138,FullTime,Bachelors,0
24461,18484,19,0.9745182197551667,23258,5199,FullTime,Bachelors,0
65437,23999,39,0.7753507802645203,41775,7094,FullTime,PhD,0
57088,11918,68,0.953263697585843,27874,7848,FullTime,Bachelors,1
53840,14731,54,0.8452061717528212,24791,18721,SelfEmployed,Bachelors,0
64740,14660,25,0.8542286327653779,14192,18466,FullTime,HighSchool,0
74982,24751,24,0.7925404844468452,29388,10443,FullTime,HighSchool,0
65215,28553,31,0.8719126601857047,24479,18139,FullTime,Bachelors,0
22386,19477,20,0.7975633588828633,46845,11134,FullTime,Bachelors,0
30806,19155,67,0.7117808242724957,48438,10366,FullTime,Bachelors,0
40627,20350,33,0.7815995816033068,17647,12285,PartTime,HighSchool,0
50391,25809,36,0.7019137130219771,18778,13424,FullTime,Bachelors,0
57764,15363,68,0.993506436117057,27236,9222,PartTime,HighSchool,1
39113,21191,35,0.9897241629459242,21839,12109,FullTime,HighSchool,0
52801,24875,69,0.8185465892416914,32174,15936,FullTime,HighSchool,0
38669,22505,33,0.9185112563018938,26733,12647,FullTime,HighSchool,0
40827,20947,25,0.8037418295231274,32805,12213,FullTime,Bachelors,0
28900,25005,50,0.9013279471257928,40160,14470,FullTime,HighSchool,0
36151,6483,66,0.9416290129137938,19357,15333,FullTime,PhD,0
29724,23389,29,0.9840268734076723,39952,11686,PartTime,Bachelors,0
35361,16729,28,0.8200636827549016,22713,9629,PartTime,HighSchool,0
65804,10846,22,0.9349893948868143,51484,12946,FullTime,HighSchool,1
35759,22556,44,0.7797785351896356,46209,4030,FullTime,Bachelors,0
89485,26868,29,0.9970996911380945,28869,10948,FullTime,HighSchool,1
57399,19312,34,0.7077308796293053,20364,-357,FullTime,Masters,0
52772,24764,23,0.8810586419503362,18451,3621,FullTime,PhD,0
37124,28061,50,0.8978517944953981,38736,2869,SelfEmployed,HighSchool,0
60504,26574,22,0.9064136671222386,29695,17236,FullTime,Bachelors,1
41365,28199,45,0.7361162736367267,39268,12069,FullTime,HighSchool,0
51830,23710,31,0.9815589350419391,52042,5689,FullTime,Bachelors,1
88401,20377,22,0.7543549837150249,22296,14455,FullTime,Bachelors,0
48559,11990,50,0.8868260209719523,17698,16943,PartTime,HighSchool,0
67239,18769,67,0.7668028237369254,31925,14542,FullTime,HighSchool,0
39452,15783,65,0.7921649251063813,41447,11056,FullTime,Bachelors,0
49475,30854,58,0.8639375625184373,20595,13162,PartTime,Bachelors,0
76562,19120,36,0.8251580255693729,30346,16507,FullTime,HighSchool,0
40595,20616,39,0.7480676802929519,43700,9653,PartTime,Bachelors,0
77186,22757,22,0.7512809207262544,13671,12149,FullTime,Bachelors,0
60616,20218,19,0.8254434364488399,32353,10714,FullTime,Masters,0
41562,28475,47,0.9271848934826502,24598,3932,PartTime,HighSchool,0
59486,16886,64,0.9693893940543366,31241,16582,FullTime,Bachelors,1
64588,20973,56,0.7252382986778149,37097,22286,FullTime,Bachelors,0
59327,16287,21,0.8179311722678203,32208,7631,FullTime,HighSchool,0
26446,13399,50,0.730073669116863,19897,16813,FullTime,Bachelors,0
39092,16941,30,0.7049777441897793,24987,7790,PartTime,Bachelors,0
46287,19814,37,0.8985156047931869,44265,12663,SelfEmployed,Masters,0
48883,17853,24,0.8807348325899763,33289,19540,Unemployed,HighSchool,0
59310,16537,32,0.7489057341444658,38403,9397,PartTime,Bachelors,0
52665,12968,40,0.7701438499279192,32502,11926,FullTime,Bachelors,0
29969,19584,31,0.7071123260933555,38091,2992,FullTime,PhD,0
55702,12476,40,0.9504841617083211,26038,8678,FullTime,Bachelors,1
59158,23800,36,0.9924071788145654,22324,2468,FullTime,PhD,1
58396,20412,46,0.7406378610384072,37636,14145,FullTime,Masters,0
66211,12712,37,0.7694425641295894,41273,16158,SelfEmployed,HighSchool,0
62508,18453,46,0.9605228571840803,20857,10891,FullTime,Masters,1
56887,16239,41,0.9779391393868554,24240,13429,FullTime,PhD,1
48947,21595,35,0.8258882148420431,28367,10371,FullTime,HighSchool,0
25085,26702,27,0.7151867416807222,46198,15702,SelfEmployed,Bachelors,0
56444,10624,58,0.7118175501078458,35631,12647,PartTime,Bachelors,0
53115,20575,25,0.8721849598207031,16759,2071,PartTime,HighSchool,0
54073,19199,43,0.8178685326679537,29070,16699,FullTime,HighSchool,0
30848,23356,46,0.7085957282732963,27541,10052,SelfEmployed,HighSchool,0
33784,21065,27,0.874975717693767,18267,5648,FullTime,HighSchool,0
65797,16240,34,0.7033907609767067,28952,9805,SelfEmployed,Bachelors,0
49406,18404,19,0.9362115874447818,27099,2489,FullTime,HighSchool,1
60222,16019,23,0.7919298468110114,26383,5750,FullTime,Masters,0
50424,25380,22,0.7120774009027696,25926,12714,FullTime,Bachelors,0
50446,20106,45,0.876505666294946,44713,13133,PartTime,HighSchool,0
64074,29505,58,0.8193053243299164,26362,13532,FullTime,Bachelors,0
42259,19696,22,0.9921401240071448,30496,12016,SelfEmployed,Bachelors,0
51441,16457,35,0.8632595987511107,29412,8535,FullTime,PhD,0
43065,12431,43,0.7825717543111025,24949,11727,FullTime,HighSchool,0
43482,10984,37,0.9128316593901924,30795,9813,FullTime,HighSchool,0
45362,12079,58,0.7814476007628134,30653,3871,FullTime,Masters,0
53332,21335,66,0.9712729874222695,30797,8137,FullTime,Masters,1
42818,22543,44,0.8124165911522129,21407,16447,FullTime,Bachelors,0
68836,12094,66,0.8649605688328615,27938,19941,PartTime,Bachelors,0
36580,24475,29,0.7151719311472686,37603,15256,FullTime,HighSchool,0
47196,17584,24,0.8278363713856692,28201,19718,Unemployed,Bachelors,0
43404,20733,20,0.9497090618982985,31617,12426,FullTime,HighSchool,0
71704,28061,27,0.9416946416090026,31670,20711,SelfEmployed,HighSchool,1
52948,24484,51,0.7672955676560579,34173,22272,FullTime,Masters,0
65477,18657,42,0.7678237213031688,35586,3332,FullTime,HighSchool,0
27716,15544,52,0.945191593663971,28258,13107,FullTime,Bachelors,0
54005,9240,33,0.9791195260507977,20886,12432,FullTime,Masters,1
63344,16404,19,0.7286082763819011,17812,9879,SelfEmployed,HighSchool,0
51234,18944,41,0.8350175918278675,40176,14459,FullTime,PhD,0
65982,15064,27,0.8012362836892687,37702,12205,FullTime,PhD,0
42240,19343,55,0.9612065366372318,36493,8322,SelfEmployed,Bachelors,0
71140,20384,39,0.7250574744040056,38112,11866,FullTime,HighSchool,0
84483,18875,43,0.7633377827674112,28384,18022,PartTime,Bachelors,0
44557,16749,60,0.9257405012759483,23751,12912,FullTime,Bachelors,0
43317,20843,56,0.7153881546943647,20195,15134,SelfEmployed,Bachelors,0
71800,22209,44,0.8477606142142867,19106,10614,FullTime,HighSchool,0
73693,14548,46,0.8326321104039159,42121,14260,FullTime,PhD,0
42157,27054,64,0.8003203536966246,25068,5953,FullTime,HighSchool,0
43697,19507,55,0.8183716945956772,40548,9501,SelfEmployed,Bachelors,0
45773,20094,37,0.8589821760790699,28131,11486,FullTime,HighSchool,0
29833,23541,44,0.7484102075165149,23237,5618,FullTime,Bachelors,0
36220,21166,58,0.8715987634850778,19056,7848,PartTime,Masters,0
34937,24765,37,0.9416296987899959,24118,13565,SelfEmployed,HighSchool,0
38483,21435,61,0.9280482789370477,44182,12649,SelfEmployed,HighSchool,0
49479,16937,36,0.746169971408132,19157,16031,Unemployed,Bachelors,0
53513,21807,37,0.7447748409224422,51167,8997,FullTime,Bachelors,0
73257,14281,52,0.780452310323474,21593,12288,FullTime,Bachelors,0
35024,20542,64,0.8083224179023112,37499,8640,PartTime,Bachelors,0
64764,19833,19,0.8225366744225447,28547,15530,SelfEmployed,HighSchool,0
46790,18959,47,0.9039091650500035,26794,17953,FullTime,PhD,1
49258,19357,51,0.7170041296497506,17285,14416,FullTime,Masters,0
60122,10590,39,0.7104018112678199,29016,17305,PartTime,Bachelors,0
33159,17256,20,0.8175731688831727,18417,12162,FullTime,Masters,0
55736,20464,23,0.9091491076413941,13184,16027,FullTime,Bachelors,0
52496,20799,32,0.7580306028869447,31195,12377,FullTime,Bachelors,0
57386,14861,44,0.8924513443768755,23645,6875,FullTime,HighSchool,0
54337,26328,27,0.7779484413820899,46843,13233,PartTime,Bachelors,0
86829,15669,26,0.9658258326440549,40000,7023,FullTime,Bachelors,1
40433,24847,50,0.968706983279985,46974,23695,PartTime,HighSchool,0
42035,22135,49,0.7891861612843979,23191,10329,FullTime,Bachelors,0
40652,16768,65,0.7689981261889721,31361,15225,FullTime,Bachelors,0
41667,28876,23,0.8233911916198694,3793,11937,PartTime,Bachelors,0
40439,14031,58,0.7721594755540446,27181,5831,FullTime,Bachelors,0
67835,24595,53,0.901715152987511,30984,2507,FullTime,Masters,1
71307,25002,19,0.9478194053644856,31540,15745,FullTime,HighSchool,1
41438,16646,46,0.9019276392733651,29576,19746,FullTime,Bachelors,0
37514,26962,21,0.9473051341748049,30665,8325,FullTime,Bachelors,0
57071,18749,18,0.8190976486622422,2867,3716,SelfEmployed,Bachelors,0
41716,21443,36,0.7468950912126582,32562,10374,PartTime,Bachelors,0
59493,21301,43,0.9213852842192777,34834,7314,PartTime,HighSchool,1
53043,19328,42,0.8081423515424662,43380,8748,FullTime,Masters,0
27263,24054,27,0.9013812475687397,33687,15051,FullTime,Bachelors,0
73212,23967,32,0.7811931825945296,28692,11747,FullTime,Masters,0
76938,11257,39,0.7243688904420018,41049,7852,FullTime,Bachelors,0
40808,26521,68,0.997774538646329,6426,14942,FullTime,Bachelors,0
44184,11687,65,0.7468604523791798,24850,15334,FullTime,Masters,0
54287,25162,38,0.9965262981890443,22341,10314,Unemployed,Bachelors,1
55016,25633,39,0.9931839797699342,29654,12689,FullTime,Bachelors,1
59878,14545,53,0.9381454311724119,8013,14602,FullTime,Bachelors,0
80153,17945,51,0.8978268886245993,43196,14130,PartTime,Masters,0
47345,14471,47,0.8733421150753254,27501,12203,FullTime,Bachelors,0
38025,18925,42,0.9598304636133504,33187,19162,SelfEmployed,Bachelors,0
29310,18459,62,0.7868318564858463,32230,14913,PartTime,HighSchool,0
39036,23898,45,0.8403043637454631,42624,9746,SelfEmployed,Masters,0
49503,26551,18,0.8858169908099506,11380,9776,FullTime,HighSchool,0
76918,26978,66,0.8233571427608473,31123,9209,PartTime,Bachelors,0
42235,17189,62,0.8282459362270803,41461,15160,FullTime,Bachelors,0
53356,18953,21,0.7990854002506252,29020,8886,PartTime,Bachelors,0
49753,11582,24,0.8692695450053608,20487,9875,FullTime,Bachelors,0
67825,15970,66,0.9551723584045348,23961,17290,FullTime,HighSchool,1
87903,24824,26,0.7604585134018939,26070,12958,FullTime,Bachelors,0
42036,28077,53,0.9803299116260324,22789,17992,FullTime,Bachelors,0
42658,13828,36,0.9067262961244689,28471,15990,SelfEmployed,Masters,0
65662,17037,18,0.946981963804009,45082,6116,PartTime,HighSchool,1
60228,19867,27,0.8668572077890034,24026,11489,PartTime,Masters,0
77700,21400,53,0.9338550104272191,25123,16949,FullTime,Bachelors,1
58758,15951,26,0.7048601192018401,34597,5889,PartTime,Masters,0
44610,22120,62,0.9455141274338605,28251,14098,FullTime,Bachelors,0
58859,17630,63,0.7120416577256099,16708,11803,SelfEmployed,Bachelors,0
66630,19927,59,0.9669740129088588,29388,3226,SelfEmployed,Masters,1
62307,22731,49,0.997588824171593,29011,12598,FullTime,Masters,1
57609,20032,49,0.7882202386530334,39756,7812,SelfEmployed,Bachelors,0
66000,17818,23,0.7630955668857381,20278,6161,FullTime,HighSchool,0
67539,19451,65,0.9296090091574122,39823,12045,FullTime,Bachelors,1
70732,19558,55,0.775907902276076,29021,2345,FullTime,Bachelors,0
59730,18149,34,0.9596687149516611,18920,8628,FullTime,HighSchool,1
47493,18706,27,0.730852777647243,16912,24755,PartTime,HighSchool,0
52200,27993,67,0.7377865589138074,49343,15251,FullTime,Masters,0
68097,22804,44,0.9937454665301847,28400,7592,FullTime,HighSchool,1
37745,18522,67,0.9021516694810013,39365,19020,FullTime,Bachelors,0
55530,23484,52,0.9540661673286859,12918,7039,PartTime,HighSchool,1
44099,18330,69,0.7972988132054554,56376,9231,SelfEmployed,Bachelors,0
50431,25865,38,0.9029451248561813,38932,6255,PartTime,HighSchool,1
69176,21848,42,0.8782725481925792,27445,13280,PartTime,HighSchool,0
52866,19463,45,0.8809450360368841,26938,18843,FullTime,Bachelors,0
50696,22238,64,0.9047597378613165,37345,7004,FullTime,Masters,1
29602,12145,32,0.8726077519387295,36771,1697,FullTime,HighSchool,0
61193,14366,21,0.8287187107907997,31825,17454,FullTime,Bachelors,0
59682,14030,46,0.7827768083141641,30108,19769,PartTime,Bachelors,0
82448,20714,26,0.9305743992739606,35610,2024,FullTime,Masters,1
45383,28662,44,0.7678817290009559,12582,14300,PartTime,Bachelors,0
53287,31156,43,0.9077062918463242,26287,13132,FullTime,Bachelors,0
53740,23190,36,0.7699998467947979,13531,8062,FullTime,Bachelors,0
73661,22504,45,0.8875990509863362,36045,5028,FullTime,Masters,0
48570,10994,34,0.9241234801387087,23241,16958,SelfEmployed,HighSchool,1
54185,17286,60,0.7656141666719617,14284,12895,PartTime,Bachelors,0
59118,16061,58,0.7179829902583924,22062,13272,SelfEmployed,Masters,0
52799,16895,59,0.7392921228982522,31493,8891,FullTime,Bachelors,0
43303,19159,67,0.8817990901813076,27947,7990,Unemployed,Bachelors,0
52911,17639,37,0.9548339218677206,18268,-274,FullTime,Bachelors,1
66104,10103,62,0.7134990463706272,12951,10859,FullTime,Bachelors,0
34602,23739,57,0.9202453777124938,30739,19194,Unemployed,Bachelors,0
51994,14636,56,0.8023955937850156,24192,7548,FullTime,Bachelors,0
39498,21196,66,0.8435585109758568,27419,4387,PartTime,Bachelors,0
67925,30370,40,0.9786578649536697,28403,14178,FullTime,Bachelors,0
27152,15403,64,0.7995914514207536,34300,15100,FullTime,Masters,0
41616,7348,49,0.8396010801818458,38469,9070,SelfEmployed,HighSchool,0
55658,18569,69,0.7041047244282043,31465,10256,FullTime,Bachelors,0
73482,25504,64,0.7244796160014515,26795,13319,PartTime,Bachelors,0
49013,29791,50,0.7775774773404351,30247,11222,FullTime,Bachelors,0
41672,13852,63,0.7083556722463222,26607,17000,PartTime,HighSchool,0
78217,22483,22,0.8894125978144752,13574,24186,FullTime,Bachelors,0
28279,17673,60,0.8279195070404868,40919,3454,FullTime,Masters,0
17017,19470,65,0.8644435608184066,39034,18148,FullTime,Bachelors,0
56600,33221,51,0.7523941557688988,49883,12526,FullTime,Masters,0
42469,12485,57,0.7887796088309849,52804,18941,SelfEmployed,PhD,0
34681,21268,28,0.8991473424558175,18239,15621,FullTime,HighSchool,0
60625,22338,67,0.9895908170891199,26646,12305,FullTime,HighSchool,1
53657,25428,20,0.7151250320806627,55115,15800,FullTime,PhD,0
41538,20489,50,0.9671152962565798,29594,10029,FullTime,PhD,0
30795,21540,28,0.8730643603933625,32442,8128,PartTime,HighSchool,0
63086,18041,33,0.8691758700266871,14788,16054,Unemployed,HighSchool,0
59753,21345,35,0.850083560562328,31502,7778,FullTime,HighSchool,0
48512,18284,47,0.720818225771255,49319,15211,SelfEmployed,PhD,0
77699,23107,65,0.7269630555208482,42866,12153,FullTime,HighSchool,0
33948,18151,27,0.8802736016977258,23900,352,FullTime,Bachelors,0
27117,21885,35,0.8022875714306674,26036,9128,PartTime,Masters,0
39621,19853,55,0.9751804199733042,18690,13674,FullTime,HighSchool,0
49316,25630,36,0.8219771612078417,21488,9969,PartTime,Bachelors,0
53650,19743,53,0.7429844376107922,10897,-733,SelfEmployed,HighSchool,0
46381,11134,30,0.9144156500506108,29151,18603,FullTime,Masters,1
55280,26309,63,0.7880060264323029,45101,12846,SelfEmployed,HighSchool,0
31226,15471,20,0.857641092206768,33554,14218,PartTime,Bachelors,0
71656,16731,27,0.909349835651551,43662,9633,FullTime,Bachelors,1
48767,17021,55,0.9700792333606211,40732,14657,PartTime,HighSchool,1
66759,26872,18,0.9376573584405028,24531,21174,FullTime,HighSchool,0
55140,9321,44,0.9029083203618172,22404,8324,Unemployed,Bachelors,1
56851,35688,63,0.903889954718543,22788,20335,PartTime,HighSchool,0
58546,25280,25,0.983777393209626,12829,13992,FullTime,Masters,0
56715,21116,68,0.7887472292489608,30323,7652,FullTime,Masters,0
59640,19725,63,0.7003336282588561,955,23061,PartTime,Bachelors,0
69937,21427,59,0.7815863678194596,35914,13958,FullTime,Bachelors,0
52947,22605,34,0.7653674138880232,30718,15382,FullTime,Bachelors,0
60635,23226,26,0.8985503755341995,34714,10653,FullTime,Masters,0
48653,22778,23,0.8901134799296587,40570,8018,FullTime,Bachelors,0
71601,20447,60,0.8780384148114171,31987,12839,FullTime,HighSchool,0
39854,19013,42,0.7048730329628361,46315,19907,FullTime,HighSchool,0
77014,19243,56,0.9186334163351942,36219,10451,FullTime,Bachelors,1
49397,19025,66,0.7970591237456475,22428,11866,PartTime,Bachelors,0
28538,25668,45,0.8995167967019894,27622,19281,FullTime,Bachelors,0
51921,22967,50,0.866973528550646,7387,10498,FullTime,HighSchool,0
39784,5298,54,0.8028192776283721,20978,14551,FullTime,Bachelors,0
62609,23279,26,0.7403728801312323,26190,16386,FullTime,HighSchool,0
40210,20973,35,0.7283256692981442,35462,11016,FullTime,HighSchool,0
43307,19906,38,0.9494554999336671,22496,13549,FullTime,Bachelors,0
21656,18057,19,0.9755192626244674,17537,15305,FullTime,HighSchool,0
43215,25620,60,0.8949364140292898,11124,9995,SelfEmployed,Bachelors,0
13641,24737,55,0.731030234458145,24035,16078,PartTime,Bachelors,0
26241,16135,57,0.8206081650664722,49508,9265,PartTime,Bachelors,0
61406,22035,53,0.9186817600315471,32711,8624,PartTime,Bachelors,1
61787,15141,67,0.9339462652030204,39395,4364,PartTime,HighSchool,1
56381,13101,60,0.7354655866873265,20999,9482,FullTime,HighSchool,0
35495,16866,54,0.7000092156536147,14265,7922,PartTime,Masters,0
49284,24311,32,0.9136411137641814,17789,9995,FullTime,Bachelors,1
49945,24765,45,0.8069788527958617,29028,15059,PartTime,Bachelors,0
32624,22565,35,0.7763443994854781,10058,3371,PartTime,HighSchool,0
72550,23625,51,0.7038692409368575,19934,2126,FullTime,Bachelors,0
63160,22580,39,0.8620898220284499,24136,8254,FullTime,Bachelors,0
46685,16792,28,0.9553452206277945,16790,14306,FullTime,Bachelors,0
50403,22159,30,0.9872894938817763,8763,13444,PartTime,Bachelors,0
53125,24002,21,0.8697234851839868,32896,8174,PartTime,HighSchool,0
19373,23771,39,0.8543383983219682,30458,17847,SelfEmployed,HighSchool,0
46292,25944,24,0.7255169156467723,37790,8707,FullTime,Masters,0
39770,23541,60,0.8646618404627799,18895,14312,PartTime,Masters,0
34975,21757,41,0.8139937236896183,37599,10186,FullTime,HighSchool,0
45783,25350,21,0.882140584265073,45293,7656,SelfEmployed,Bachelors,0
76965,19867,45,0.816617904362964,32622,8974,FullTime,HighSchool,0
59612,15590,32,0.77208973703511,23900,15670,FullTime,HighSchool,0
41432,19184,18,0.7284895825685129,31450,13805,FullTime,Bachelors,0
58588,16275,20,0.7944755333766687,23422,16840,PartTime,HighSchool,0
